{
    "gtts": {
        "id": "Indonesia",
        "af" : "Afrikaans",
        "sq" : "Albanian",
        "ar" : "Arabic",
        "hy" : "Armenian",
        "bn" : "Bengali",
        "ca" : "Catalan",
        "zh" : "Chinese",
        "zh-cn" : "Chinese (Mandarin/China)",
        "zh-tw" : "Chinese (Mandarin/Taiwan)",
        "zh-yue" : "Chinese (Cantonese)",
        "hr" : "Croatian",
        "cs" : "Czech",
        "da" : "Danish",
        "nl" : "Dutch",
        "en" : "English",
        "en-au" : "English (Australia)",
        "en-uk" : "English (United Kingdom)",
        "en-us" : "English (United States)",
        "eo" : "Esperanto",
        "fi" : "Finnish",
        "fr" : "French",
        "de" : "German",
        "el" : "Greek",
        "hi" : "Hindi",
        "hu" : "Hungarian",
        "is" : "Icelandic",
        "id" : "Indonesian",
        "it" : "Italian",
        "ja" : "Japanese",
        "km" : "Khmer (Cambodian)",
        "ko" : "Korean",
        "la" : "Latin",
        "lv" : "Latvian",
        "mk" : "Macedonian",
        "no" : "Norwegian",
        "pl" : "Polish",
        "pt" : "Portuguese",
        "ro" : "Romanian",
        "ru" : "Russian",
        "sr" : "Serbian",
        "si" : "Sinhala",
        "sk" : "Slovak",
        "es" : "Spanish",
        "es-es" : "Spanish (Spain)",
        "es-us" : "Spanish (United States)",
        "sw" : "Swahili",
        "sv" : "Swedish",
        "ta" : "Tamil",
        "th" : "Thai",
        "tr" : "Turkish",
        "uk" : "Ukrainian",
        "vi" : "Vietnamese",
        "cy" : "Welsh"
    },
    "googletrans": {
        "af": "afrikaans",
        "sq": "albanian",
        "am": "amharic",
        "ar": "arabic",
        "hy": "armenian",
        "az": "azerbaijani",
        "eu": "basque",
        "be": "belarusian",
        "bn": "bengali",
        "bs": "bosnian",
        "bg": "bulgarian",
        "ca": "catalan",
        "ceb": "cebuano",
        "ny": "chichewa",
        "zh-cn": "chinese (simplified)",
        "zh-tw": "chinese (traditional)",
        "co": "corsican",
        "hr": "croatian",
        "cs": "czech",
        "da": "danish",
        "nl": "dutch",
        "en": "english",
        "eo": "esperanto",
        "et": "estonian",
        "tl": "filipino",
        "fi": "finnish",
        "fr": "french",
        "fy": "frisian",
        "gl": "galician",
        "ka": "georgian",
        "de": "german",
        "el": "greek",
        "gu": "gujarati",
        "ht": "haitian creole",
        "ha": "hausa",
        "haw": "hawaiian",
        "iw": "hebrew",
        "hi": "hindi",
        "hmn": "hmong",
        "hu": "hungarian",
        "is": "icelandic",
        "ig": "igbo",
        "id": "indonesian",
        "ga": "irish",
        "it": "italian",
        "ja": "japanese",
        "jw": "javanese",
        "kn": "kannada",
        "kk": "kazakh",
        "km": "khmer",
        "ko": "korean",
        "ku": "kurdish (kurmanji)",
        "ky": "kyrgyz",
        "lo": "lao",
        "la": "latin",
        "lv": "latvian",
        "lt": "lithuanian",
        "lb": "luxembourgish",
        "mk": "macedonian",
        "mg": "malagasy",
        "ms": "malay",
        "ml": "malayalam",
        "mt": "maltese",
        "mi": "maori",
        "mr": "marathi",
        "mn": "mongolian",
        "my": "myanmar (burmese)",
        "ne": "nepali",
        "no": "norwegian",
        "ps": "pashto",
        "fa": "persian",
        "pl": "polish",
        "pt": "portuguese",
        "pa": "punjabi",
        "ro": "romanian",
        "ru": "russian",
        "sm": "samoan",
        "gd": "scots gaelic",
        "sr": "serbian",
        "st": "sesotho",
        "sn": "shona",
        "sd": "sindhi",
        "si": "sinhala",
        "sk": "slovak",
        "sl": "slovenian",
        "so": "somali",
        "es": "spanish",
        "su": "sundanese",
        "sw": "swahili",
        "sv": "swedish",
        "tg": "tajik",
        "ta": "tamil",
        "te": "telugu",
        "th": "thai",
        "tr": "turkish",
        "uk": "ukrainian",
        "ur": "urdu",
        "uz": "uzbek",
        "vi": "vietnamese",
        "cy": "welsh",
        "xh": "xhosa",
        "yi": "yiddish",
        "yo": "yoruba",
        "zu": "zulu",
        "fil": "Filipino",
        "he": "Hebrew"
    }
}
