{
    "button": {
        "type": "flex",
        "altText": "tombolnya",
        "contents": {
            "type": "bubble",
            "body": {
                "type": "box",
                "layout": "vertical",
                "spacing": "md",
                "contents": [
                    {
                        "type": "button",
                        "style": "primary",
                        "action": {
                            "type": "uri",
                            "label": "BUTTON 1",
                            "uri": "https://example.com"
                        }
                    },
                    {
                        "type": "button",
                        "style": "secondary",
                        "action": {
                            "type": "uri",
                            "label": "BUTTON 2",
                            "uri": "https://example.com"
                        }
                    },
                    {
                        "type": "button",
                        "style": "link",
                        "action": {
                            "type": "uri",
                            "label": "BUTTON 3",
                            "uri": "https://example.com"
                        }
                    }
                ]
            }
        }
    }
}
